Ad Group,Keyword,Campaign,Criterion Type
watches,watches buy,watches,Exact
watches,buy watches,watches,Exact
watches,watches discount,watches,Exact
watches,discount watches,watches,Exact
watches,watches price,watches,Exact
watches,price watches,watches,Exact
watches,watches promotion,watches,Exact
watches,promotion watches,watches,Exact
watches,watches promo,watches,Exact
watches,promo watches,watches,Exact
watches,watches shop,watches,Exact
watches,shop watches,watches,Exact
watches,watches cheap,watches,Exact
watches,cheap watches,watches,Exact
watches,watches sale,watches,Exact
watches,sale watches,watches,Exact
watches,watches outlet,watches,Exact
watches,outlet watches,watches,Exact
watches,watches store,watches,Exact
watches,store watches,watches,Exact
men watches,men watches buy,watches,Exact
men watches,buy men watches,watches,Exact
men watches,men watches discount,watches,Exact
men watches,discount men watches,watches,Exact
men watches,men watches price,watches,Exact
men watches,price men watches,watches,Exact
men watches,men watches promotion,watches,Exact
men watches,promotion men watches,watches,Exact
men watches,men watches promo,watches,Exact
men watches,promo men watches,watches,Exact
men watches,men watches shop,watches,Exact
men watches,shop men watches,watches,Exact
men watches,men watches cheap,watches,Exact
men watches,cheap men watches,watches,Exact
men watches,men watches sale,watches,Exact
men watches,sale men watches,watches,Exact
men watches,men watches outlet,watches,Exact
men watches,outlet men watches,watches,Exact
men watches,men watches store,watches,Exact
men watches,store men watches,watches,Exact
watches for him,watches for him buy,watches,Exact
watches for him,buy watches for him,watches,Exact
watches for him,watches for him discount,watches,Exact
watches for him,discount watches for him,watches,Exact
watches for him,watches for him price,watches,Exact
watches for him,price watches for him,watches,Exact
watches for him,watches for him promotion,watches,Exact
watches for him,promotion watches for him,watches,Exact
watches for him,watches for him promo,watches,Exact
watches for him,promo watches for him,watches,Exact
watches for him,watches for him shop,watches,Exact
watches for him,shop watches for him,watches,Exact
watches for him,watches for him cheap,watches,Exact
watches for him,cheap watches for him,watches,Exact
watches for him,watches for him sale,watches,Exact
watches for him,sale watches for him,watches,Exact
watches for him,watches for him outlet,watches,Exact
watches for him,outlet watches for him,watches,Exact
watches for him,watches for him store,watches,Exact
watches for him,store watches for him,watches,Exact
watch,watch buy,watches,Exact
watch,buy watch,watches,Exact
watch,watch discount,watches,Exact
watch,discount watch,watches,Exact
watch,watch price,watches,Exact
watch,price watch,watches,Exact
watch,watch promotion,watches,Exact
watch,promotion watch,watches,Exact
watch,watch promo,watches,Exact
watch,promo watch,watches,Exact
watch,watch shop,watches,Exact
watch,shop watch,watches,Exact
watch,watch cheap,watches,Exact
watch,cheap watch,watches,Exact
watch,watch sale,watches,Exact
watch,sale watch,watches,Exact
watch,watch outlet,watches,Exact
watch,outlet watch,watches,Exact
watch,watch store,watches,Exact
watch,store watch,watches,Exact
men's watches,men's watches buy,watches,Exact
men's watches,buy men's watches,watches,Exact
men's watches,men's watches discount,watches,Exact
men's watches,discount men's watches,watches,Exact
men's watches,men's watches price,watches,Exact
men's watches,price men's watches,watches,Exact
men's watches,men's watches promotion,watches,Exact
men's watches,promotion men's watches,watches,Exact
men's watches,men's watches promo,watches,Exact
men's watches,promo men's watches,watches,Exact
men's watches,men's watches shop,watches,Exact
men's watches,shop men's watches,watches,Exact
men's watches,men's watches cheap,watches,Exact
men's watches,cheap men's watches,watches,Exact
men's watches,men's watches sale,watches,Exact
men's watches,sale men's watches,watches,Exact
men's watches,men's watches outlet,watches,Exact
men's watches,outlet men's watches,watches,Exact
men's watches,men's watches store,watches,Exact
men's watches,store men's watches,watches,Exact
boys watches,boys watches buy,watches,Exact
boys watches,buy boys watches,watches,Exact
boys watches,boys watches discount,watches,Exact
boys watches,discount boys watches,watches,Exact
boys watches,boys watches price,watches,Exact
boys watches,price boys watches,watches,Exact
boys watches,boys watches promotion,watches,Exact
boys watches,promotion boys watches,watches,Exact
boys watches,boys watches promo,watches,Exact
boys watches,promo boys watches,watches,Exact
boys watches,boys watches shop,watches,Exact
boys watches,shop boys watches,watches,Exact
boys watches,boys watches cheap,watches,Exact
boys watches,cheap boys watches,watches,Exact
boys watches,boys watches sale,watches,Exact
boys watches,sale boys watches,watches,Exact
boys watches,boys watches outlet,watches,Exact
boys watches,outlet boys watches,watches,Exact
boys watches,boys watches store,watches,Exact
boys watches,store boys watches,watches,Exact
watches boys,watches boys buy,watches,Exact
watches boys,buy watches boys,watches,Exact
watches boys,watches boys discount,watches,Exact
watches boys,discount watches boys,watches,Exact
watches boys,watches boys price,watches,Exact
watches boys,price watches boys,watches,Exact
watches boys,watches boys promotion,watches,Exact
watches boys,promotion watches boys,watches,Exact
watches boys,watches boys promo,watches,Exact
watches boys,promo watches boys,watches,Exact
watches boys,watches boys shop,watches,Exact
watches boys,shop watches boys,watches,Exact
watches boys,watches boys cheap,watches,Exact
watches boys,cheap watches boys,watches,Exact
watches boys,watches boys sale,watches,Exact
watches boys,sale watches boys,watches,Exact
watches boys,watches boys outlet,watches,Exact
watches boys,outlet watches boys,watches,Exact
watches boys,watches boys store,watches,Exact
watches boys,store watches boys,watches,Exact
men's watches,men's watches buy,watches,Exact
men's watches,buy men's watches,watches,Exact
men's watches,men's watches discount,watches,Exact
men's watches,discount men's watches,watches,Exact
men's watches,men's watches price,watches,Exact
men's watches,price men's watches,watches,Exact
men's watches,men's watches promotion,watches,Exact
men's watches,promotion men's watches,watches,Exact
men's watches,men's watches promo,watches,Exact
men's watches,promo men's watches,watches,Exact
men's watches,men's watches shop,watches,Exact
men's watches,shop men's watches,watches,Exact
men's watches,men's watches cheap,watches,Exact
men's watches,cheap men's watches,watches,Exact
men's watches,men's watches sale,watches,Exact
men's watches,sale men's watches,watches,Exact
men's watches,men's watches outlet,watches,Exact
men's watches,outlet men's watches,watches,Exact
men's watches,men's watches store,watches,Exact
men's watches,store men's watches,watches,Exact
watch for boyfriend,watch for boyfriend buy,watches,Exact
watch for boyfriend,buy watch for boyfriend,watches,Exact
watch for boyfriend,watch for boyfriend discount,watches,Exact
watch for boyfriend,discount watch for boyfriend,watches,Exact
watch for boyfriend,watch for boyfriend price,watches,Exact
watch for boyfriend,price watch for boyfriend,watches,Exact
watch for boyfriend,watch for boyfriend promotion,watches,Exact
watch for boyfriend,promotion watch for boyfriend,watches,Exact
watch for boyfriend,watch for boyfriend promo,watches,Exact
watch for boyfriend,promo watch for boyfriend,watches,Exact
watch for boyfriend,watch for boyfriend shop,watches,Exact
watch for boyfriend,shop watch for boyfriend,watches,Exact
watch for boyfriend,watch for boyfriend cheap,watches,Exact
watch for boyfriend,cheap watch for boyfriend,watches,Exact
watch for boyfriend,watch for boyfriend sale,watches,Exact
watch for boyfriend,sale watch for boyfriend,watches,Exact
watch for boyfriend,watch for boyfriend outlet,watches,Exact
watch for boyfriend,outlet watch for boyfriend,watches,Exact
watch for boyfriend,watch for boyfriend store,watches,Exact
watch for boyfriend,store watch for boyfriend,watches,Exact
boyfriend watch,boyfriend watch buy,watches,Exact
boyfriend watch,buy boyfriend watch,watches,Exact
boyfriend watch,boyfriend watch discount,watches,Exact
boyfriend watch,discount boyfriend watch,watches,Exact
boyfriend watch,boyfriend watch price,watches,Exact
boyfriend watch,price boyfriend watch,watches,Exact
boyfriend watch,boyfriend watch promotion,watches,Exact
boyfriend watch,promotion boyfriend watch,watches,Exact
boyfriend watch,boyfriend watch promo,watches,Exact
boyfriend watch,promo boyfriend watch,watches,Exact
boyfriend watch,boyfriend watch shop,watches,Exact
boyfriend watch,shop boyfriend watch,watches,Exact
boyfriend watch,boyfriend watch cheap,watches,Exact
boyfriend watch,cheap boyfriend watch,watches,Exact
boyfriend watch,boyfriend watch sale,watches,Exact
boyfriend watch,sale boyfriend watch,watches,Exact
boyfriend watch,boyfriend watch outlet,watches,Exact
boyfriend watch,outlet boyfriend watch,watches,Exact
boyfriend watch,boyfriend watch store,watches,Exact
boyfriend watch,store boyfriend watch,watches,Exact
boyfriend watches,boyfriend watches buy,watches,Exact
boyfriend watches,buy boyfriend watches,watches,Exact
boyfriend watches,boyfriend watches discount,watches,Exact
boyfriend watches,discount boyfriend watches,watches,Exact
boyfriend watches,boyfriend watches price,watches,Exact
boyfriend watches,price boyfriend watches,watches,Exact
boyfriend watches,boyfriend watches promotion,watches,Exact
boyfriend watches,promotion boyfriend watches,watches,Exact
boyfriend watches,boyfriend watches promo,watches,Exact
boyfriend watches,promo boyfriend watches,watches,Exact
boyfriend watches,boyfriend watches shop,watches,Exact
boyfriend watches,shop boyfriend watches,watches,Exact
boyfriend watches,boyfriend watches cheap,watches,Exact
boyfriend watches,cheap boyfriend watches,watches,Exact
boyfriend watches,boyfriend watches sale,watches,Exact
boyfriend watches,sale boyfriend watches,watches,Exact
boyfriend watches,boyfriend watches outlet,watches,Exact
boyfriend watches,outlet boyfriend watches,watches,Exact
boyfriend watches,boyfriend watches store,watches,Exact
boyfriend watches,store boyfriend watches,watches,Exact
watches,watches buy,watches,Phrase
watches,buy watches,watches,Phrase
watches,watches discount,watches,Phrase
watches,discount watches,watches,Phrase
watches,watches price,watches,Phrase
watches,price watches,watches,Phrase
watches,watches promotion,watches,Phrase
watches,promotion watches,watches,Phrase
watches,watches promo,watches,Phrase
watches,promo watches,watches,Phrase
watches,watches shop,watches,Phrase
watches,shop watches,watches,Phrase
watches,watches cheap,watches,Phrase
watches,cheap watches,watches,Phrase
watches,watches sale,watches,Phrase
watches,sale watches,watches,Phrase
watches,watches outlet,watches,Phrase
watches,outlet watches,watches,Phrase
watches,watches store,watches,Phrase
watches,store watches,watches,Phrase
men watches,men watches buy,watches,Phrase
men watches,buy men watches,watches,Phrase
men watches,men watches discount,watches,Phrase
men watches,discount men watches,watches,Phrase
men watches,men watches price,watches,Phrase
men watches,price men watches,watches,Phrase
men watches,men watches promotion,watches,Phrase
men watches,promotion men watches,watches,Phrase
men watches,men watches promo,watches,Phrase
men watches,promo men watches,watches,Phrase
men watches,men watches shop,watches,Phrase
men watches,shop men watches,watches,Phrase
men watches,men watches cheap,watches,Phrase
men watches,cheap men watches,watches,Phrase
men watches,men watches sale,watches,Phrase
men watches,sale men watches,watches,Phrase
men watches,men watches outlet,watches,Phrase
men watches,outlet men watches,watches,Phrase
men watches,men watches store,watches,Phrase
men watches,store men watches,watches,Phrase
watches for him,watches for him buy,watches,Phrase
watches for him,buy watches for him,watches,Phrase
watches for him,watches for him discount,watches,Phrase
watches for him,discount watches for him,watches,Phrase
watches for him,watches for him price,watches,Phrase
watches for him,price watches for him,watches,Phrase
watches for him,watches for him promotion,watches,Phrase
watches for him,promotion watches for him,watches,Phrase
watches for him,watches for him promo,watches,Phrase
watches for him,promo watches for him,watches,Phrase
watches for him,watches for him shop,watches,Phrase
watches for him,shop watches for him,watches,Phrase
watches for him,watches for him cheap,watches,Phrase
watches for him,cheap watches for him,watches,Phrase
watches for him,watches for him sale,watches,Phrase
watches for him,sale watches for him,watches,Phrase
watches for him,watches for him outlet,watches,Phrase
watches for him,outlet watches for him,watches,Phrase
watches for him,watches for him store,watches,Phrase
watches for him,store watches for him,watches,Phrase
watch,watch buy,watches,Phrase
watch,buy watch,watches,Phrase
watch,watch discount,watches,Phrase
watch,discount watch,watches,Phrase
watch,watch price,watches,Phrase
watch,price watch,watches,Phrase
watch,watch promotion,watches,Phrase
watch,promotion watch,watches,Phrase
watch,watch promo,watches,Phrase
watch,promo watch,watches,Phrase
watch,watch shop,watches,Phrase
watch,shop watch,watches,Phrase
watch,watch cheap,watches,Phrase
watch,cheap watch,watches,Phrase
watch,watch sale,watches,Phrase
watch,sale watch,watches,Phrase
watch,watch outlet,watches,Phrase
watch,outlet watch,watches,Phrase
watch,watch store,watches,Phrase
watch,store watch,watches,Phrase
men's watches,men's watches buy,watches,Phrase
men's watches,buy men's watches,watches,Phrase
men's watches,men's watches discount,watches,Phrase
men's watches,discount men's watches,watches,Phrase
men's watches,men's watches price,watches,Phrase
men's watches,price men's watches,watches,Phrase
men's watches,men's watches promotion,watches,Phrase
men's watches,promotion men's watches,watches,Phrase
men's watches,men's watches promo,watches,Phrase
men's watches,promo men's watches,watches,Phrase
men's watches,men's watches shop,watches,Phrase
men's watches,shop men's watches,watches,Phrase
men's watches,men's watches cheap,watches,Phrase
men's watches,cheap men's watches,watches,Phrase
men's watches,men's watches sale,watches,Phrase
men's watches,sale men's watches,watches,Phrase
men's watches,men's watches outlet,watches,Phrase
men's watches,outlet men's watches,watches,Phrase
men's watches,men's watches store,watches,Phrase
men's watches,store men's watches,watches,Phrase
boys watches,boys watches buy,watches,Phrase
boys watches,buy boys watches,watches,Phrase
boys watches,boys watches discount,watches,Phrase
boys watches,discount boys watches,watches,Phrase
boys watches,boys watches price,watches,Phrase
boys watches,price boys watches,watches,Phrase
boys watches,boys watches promotion,watches,Phrase
boys watches,promotion boys watches,watches,Phrase
boys watches,boys watches promo,watches,Phrase
boys watches,promo boys watches,watches,Phrase
boys watches,boys watches shop,watches,Phrase
boys watches,shop boys watches,watches,Phrase
boys watches,boys watches cheap,watches,Phrase
boys watches,cheap boys watches,watches,Phrase
boys watches,boys watches sale,watches,Phrase
boys watches,sale boys watches,watches,Phrase
boys watches,boys watches outlet,watches,Phrase
boys watches,outlet boys watches,watches,Phrase
boys watches,boys watches store,watches,Phrase
boys watches,store boys watches,watches,Phrase
watches boys,watches boys buy,watches,Phrase
watches boys,buy watches boys,watches,Phrase
watches boys,watches boys discount,watches,Phrase
watches boys,discount watches boys,watches,Phrase
watches boys,watches boys price,watches,Phrase
watches boys,price watches boys,watches,Phrase
watches boys,watches boys promotion,watches,Phrase
watches boys,promotion watches boys,watches,Phrase
watches boys,watches boys promo,watches,Phrase
watches boys,promo watches boys,watches,Phrase
watches boys,watches boys shop,watches,Phrase
watches boys,shop watches boys,watches,Phrase
watches boys,watches boys cheap,watches,Phrase
watches boys,cheap watches boys,watches,Phrase
watches boys,watches boys sale,watches,Phrase
watches boys,sale watches boys,watches,Phrase
watches boys,watches boys outlet,watches,Phrase
watches boys,outlet watches boys,watches,Phrase
watches boys,watches boys store,watches,Phrase
watches boys,store watches boys,watches,Phrase
men's watches,men's watches buy,watches,Phrase
men's watches,buy men's watches,watches,Phrase
men's watches,men's watches discount,watches,Phrase
men's watches,discount men's watches,watches,Phrase
men's watches,men's watches price,watches,Phrase
men's watches,price men's watches,watches,Phrase
men's watches,men's watches promotion,watches,Phrase
men's watches,promotion men's watches,watches,Phrase
men's watches,men's watches promo,watches,Phrase
men's watches,promo men's watches,watches,Phrase
men's watches,men's watches shop,watches,Phrase
men's watches,shop men's watches,watches,Phrase
men's watches,men's watches cheap,watches,Phrase
men's watches,cheap men's watches,watches,Phrase
men's watches,men's watches sale,watches,Phrase
men's watches,sale men's watches,watches,Phrase
men's watches,men's watches outlet,watches,Phrase
men's watches,outlet men's watches,watches,Phrase
men's watches,men's watches store,watches,Phrase
men's watches,store men's watches,watches,Phrase
watch for boyfriend,watch for boyfriend buy,watches,Phrase
watch for boyfriend,buy watch for boyfriend,watches,Phrase
watch for boyfriend,watch for boyfriend discount,watches,Phrase
watch for boyfriend,discount watch for boyfriend,watches,Phrase
watch for boyfriend,watch for boyfriend price,watches,Phrase
watch for boyfriend,price watch for boyfriend,watches,Phrase
watch for boyfriend,watch for boyfriend promotion,watches,Phrase
watch for boyfriend,promotion watch for boyfriend,watches,Phrase
watch for boyfriend,watch for boyfriend promo,watches,Phrase
watch for boyfriend,promo watch for boyfriend,watches,Phrase
watch for boyfriend,watch for boyfriend shop,watches,Phrase
watch for boyfriend,shop watch for boyfriend,watches,Phrase
watch for boyfriend,watch for boyfriend cheap,watches,Phrase
watch for boyfriend,cheap watch for boyfriend,watches,Phrase
watch for boyfriend,watch for boyfriend sale,watches,Phrase
watch for boyfriend,sale watch for boyfriend,watches,Phrase
watch for boyfriend,watch for boyfriend outlet,watches,Phrase
watch for boyfriend,outlet watch for boyfriend,watches,Phrase
watch for boyfriend,watch for boyfriend store,watches,Phrase
watch for boyfriend,store watch for boyfriend,watches,Phrase
boyfriend watch,boyfriend watch buy,watches,Phrase
boyfriend watch,buy boyfriend watch,watches,Phrase
boyfriend watch,boyfriend watch discount,watches,Phrase
boyfriend watch,discount boyfriend watch,watches,Phrase
boyfriend watch,boyfriend watch price,watches,Phrase
boyfriend watch,price boyfriend watch,watches,Phrase
boyfriend watch,boyfriend watch promotion,watches,Phrase
boyfriend watch,promotion boyfriend watch,watches,Phrase
boyfriend watch,boyfriend watch promo,watches,Phrase
boyfriend watch,promo boyfriend watch,watches,Phrase
boyfriend watch,boyfriend watch shop,watches,Phrase
boyfriend watch,shop boyfriend watch,watches,Phrase
boyfriend watch,boyfriend watch cheap,watches,Phrase
boyfriend watch,cheap boyfriend watch,watches,Phrase
boyfriend watch,boyfriend watch sale,watches,Phrase
boyfriend watch,sale boyfriend watch,watches,Phrase
boyfriend watch,boyfriend watch outlet,watches,Phrase
boyfriend watch,outlet boyfriend watch,watches,Phrase
boyfriend watch,boyfriend watch store,watches,Phrase
boyfriend watch,store boyfriend watch,watches,Phrase
boyfriend watches,boyfriend watches buy,watches,Phrase
boyfriend watches,buy boyfriend watches,watches,Phrase
boyfriend watches,boyfriend watches discount,watches,Phrase
boyfriend watches,discount boyfriend watches,watches,Phrase
boyfriend watches,boyfriend watches price,watches,Phrase
boyfriend watches,price boyfriend watches,watches,Phrase
boyfriend watches,boyfriend watches promotion,watches,Phrase
boyfriend watches,promotion boyfriend watches,watches,Phrase
boyfriend watches,boyfriend watches promo,watches,Phrase
boyfriend watches,promo boyfriend watches,watches,Phrase
boyfriend watches,boyfriend watches shop,watches,Phrase
boyfriend watches,shop boyfriend watches,watches,Phrase
boyfriend watches,boyfriend watches cheap,watches,Phrase
boyfriend watches,cheap boyfriend watches,watches,Phrase
boyfriend watches,boyfriend watches sale,watches,Phrase
boyfriend watches,sale boyfriend watches,watches,Phrase
boyfriend watches,boyfriend watches outlet,watches,Phrase
boyfriend watches,outlet boyfriend watches,watches,Phrase
boyfriend watches,boyfriend watches store,watches,Phrase
boyfriend watches,store boyfriend watches,watches,Phrase
